participant_number,no_of_actions,time_query,time_on_serp,time_on_documents,time_session_overall,serp_page_viewed_to,document_click_count,document_click_depth,document_hover_count_raw,document_hover_count,document_hover_depth,ad_hover_count,ad_hover_count_top,ad_hover_count_side,ad_hover_count_bot,ad_click_count,depth,time_per_snippet,time_per_document,query_length,query_tokens_count,NC_binary
1,178,3.34,27.76,0,31.2,1,0,0,5,3,10,0,0,0,0,0,3,9.253333333,0,14,2,1
1,216,12.71,27.71,39.84,81.07,1,2,5,8,5,5,3,2,0,1,0,5,5.542,19.91004498,22,3,1
1,178,2.44,97.89,153.25,255.82,3,6,22,33,19,24,0,0,0,0,0,22,4.449545455,25.53741043,21,3,1
1,216,5.7,109.08,85.87,222.29,3,3,21,13,12,23,11,7,3,1,1,21,5.194285714,28.6137954,19,2,1
1,216,1.89,57.35,69.8,130.89,3,2,23,8,7,27,7,5,1,1,0,23,2.493478261,34.88255872,26,3,1
1,163,5.44,98.81,230.63,337.66,3,6,25,29,15,30,13,8,4,1,0,25,3.9524,38.43192801,16,2,1
1,188,4.9,32.85,77.6,115.93,2,2,14,6,6,14,4,3,0,1,0,14,2.346428571,38.7806097,21,2,1
1,188,4.03,48.95,84.28,137.7,2,2,14,7,7,14,7,4,2,1,0,14,3.496428571,42.11894053,21,2,1
1,188,3.67,48.48,169.46,222.21,2,2,16,14,12,20,5,4,0,1,0,16,3.03,84.68765617,15,2,1
2,172,8.42,14.37,0,23.05,1,0,0,4,4,5,2,2,0,0,0,4,3.5925,0,29,3,1
2,177,10.8,21.96,0,32.99,1,0,0,7,7,7,0,0,0,0,0,7,3.137142857,0,42,6,1
2,155,2.96,11.89,0,15.72,1,0,0,4,4,8,2,2,0,0,0,4,2.9725,0,34,4,1
2,245,3.78,14.05,0,18.19,1,0,0,7,7,7,2,2,0,0,0,7,2.007142857,0,25,3,1
2,172,6.61,4.69,0,12.12,1,0,0,2,2,2,2,2,0,0,0,3,1.563333333,0,37,4,1
2,177,7.32,4.03,0,11.63,1,0,0,0,0,0,0,0,0,0,0,3,1.343333333,0,33,5,1
2,172,10.57,0,0,10.57,0,0,0,0,0,0,0,0,0,0,0,3,0,0,38,4,1
2,245,10.61,12.3,16.56,42.38,1,2,3,4,3,3,6,6,0,0,0,3,4.1,8.275862069,31,4,1
2,177,9.8,18.85,8.36,37.53,1,1,1,6,5,8,0,0,0,0,0,5,3.77,8.351648352,43,6,1
2,177,22.38,7.46,10.93,50.88,1,1,6,5,5,6,0,0,0,0,0,6,1.243333333,10.91908092,15,2,1
2,245,17.51,28.43,32.93,91.56,1,3,6,10,5,6,12,10,2,0,0,6,4.738333333,10.973009,38,4,1
2,172,0.26,0.03,12.76,26.55,1,1,1,1,1,1,2,2,0,0,0,3,0.01,12.74725275,38,4,1
2,172,3.95,7.71,15.69,27.9,1,1,3,3,3,3,3,3,0,0,0,3,2.57,15.67432567,36,4,1
2,172,1.96,8.74,22.93,34.94,1,1,2,2,2,2,3,2,1,0,0,3,2.913333333,22.90709291,35,4,1
2,155,3.44,7.53,25.07,46.63,1,1,1,2,1,1,4,4,0,0,0,3,2.51,25.04495504,28,4,1
2,155,11.22,23.08,77.8,113.7,1,3,4,15,5,5,13,10,3,0,0,5,4.616,25.92469177,25,3,1
2,245,12.39,29.78,83.6,129.67,1,3,10,14,10,10,11,11,0,0,0,10,2.978,27.85738087,33,4,1
2,172,6.36,18.42,31.71,59.52,1,1,2,3,2,2,4,3,1,0,0,3,6.14,31.67832168,41,5,1
3,443,2.26,84.5,0,87.29,1,0,0,15,9,10,2,2,0,0,0,9,9.388888889,0,35,4,0
3,443,2.75,84.91,0,87.79,1,0,0,19,8,8,4,4,0,0,0,8,10.61375,0,24,3,0
3,443,8.24,20.51,0,29.39,1,0,0,5,5,5,1,1,0,0,0,5,4.102,0,28,4,0
3,437,12.27,8.19,0,20.66,1,0,0,2,2,4,0,0,0,0,0,3,2.73,0,17,3,0
3,437,4.54,15.09,0,20.12,1,0,0,6,5,5,0,0,0,0,0,5,3.018,0,19,3,0
3,561,15.18,16.1,0,31.73,1,0,0,9,7,9,1,1,0,0,0,7,2.3,0,40,4,0
3,443,7.63,5.36,0,13.09,1,0,0,1,1,1,2,2,0,0,0,3,1.786666667,0,19,2,0
3,561,3.3,25.67,0,30.45,3,0,0,17,15,24,5,3,0,2,0,15,1.711333333,0,44,5,0
3,443,1.5,4.4,0,6.02,1,0,0,0,0,0,0,0,0,0,0,3,1.466666667,0,19,2,0
3,437,8.29,5.55,0,14.66,1,0,0,4,3,3,0,0,0,0,0,3,1.85,0,27,4,0
3,437,5.11,3.81,0,9.05,1,0,0,0,0,0,0,0,0,0,0,3,1.27,0,12,2,0
3,561,4.1,22.49,0,27.69,2,0,0,18,16,18,2,1,0,1,0,16,1.405625,0,40,4,0
3,443,10,11.12,0,21.66,1,0,0,9,7,8,2,2,0,0,0,7,1.588571429,0,29,3,0
3,443,10.82,15.19,0,26.25,2,0,0,13,11,16,2,1,0,1,0,11,1.380909091,0,15,2,0
3,561,8.1,3.21,0,11.52,1,0,0,0,0,0,0,0,0,0,0,3,1.07,0,38,4,0
3,561,1.54,6.89,0,8.69,1,0,0,7,4,5,2,2,0,0,0,4,1.7225,0,30,3,0
3,437,10.4,2.72,0,13.33,1,0,0,0,0,0,0,0,0,0,0,3,0.906666667,0,19,3,0
3,301,1.77,35.85,9.3,47.55,1,1,7,21,10,10,4,3,0,1,0,10,3.585,9.290709291,28,4,0
3,437,2.46,126.92,58.68,206.4,4,6,28,59,29,36,0,0,0,0,0,29,4.376551724,9.778370272,16,2,0
3,437,5.85,41.6,46.7,94.7,2,4,20,24,17,20,0,0,0,0,0,20,2.08,11.67208198,14,2,0
3,561,3.34,45.73,60.03,113.23,4,4,34,39,29,35,15,11,0,4,0,34,1.345,15.00374906,49,5,0
3,561,2.18,76.98,31.53,122.06,3,2,17,21,16,23,7,3,0,4,0,17,4.528235294,15.75712144,35,4,0
3,301,13.71,24.99,32.87,83.1,1,2,7,15,5,8,9,9,0,0,0,7,3.57,16.42678661,35,4,0
3,443,6.22,30.11,17.36,55.1,2,1,8,17,12,16,3,2,0,1,0,12,2.509166667,17.34265734,24,3,0
3,301,9.73,31.96,55,115.5,1,3,9,22,9,9,9,9,0,0,0,9,3.551111111,18.32722426,25,3,0
3,443,2.16,23.29,19.89,47.39,2,1,4,18,12,13,6,1,4,1,0,12,1.940833333,19.87012987,35,4,0
3,437,1.62,8.14,22.69,32.92,1,1,3,3,3,3,0,0,0,0,0,3,2.713333333,22.66733267,19,3,0
3,561,2.5,23.49,22.74,52.44,1,1,7,13,7,7,3,1,0,2,0,7,3.355714286,22.71728272,37,4,0
3,443,3.17,40.28,64.53,114.54,2,2,16,21,14,18,6,5,0,1,0,16,2.5175,32.24887556,19,3,0
3,561,1.2,16.83,64.62,84.03,1,2,3,10,4,9,3,3,0,0,0,4,4.2075,32.29385307,39,4,0
3,301,9.38,9.34,93.57,113.05,1,1,1,1,1,1,2,1,0,1,0,3,3.113333333,93.47652348,25,3,0
3,301,2.62,15.37,107.62,185.11,1,1,1,9,4,4,2,1,0,1,0,4,3.8425,107.5124875,26,3,0
4,255,13.91,24.89,0,40.92,1,0,0,5,5,10,1,1,0,0,0,5,4.978,0,48,7,1
4,180,4.28,5.31,0,9.76,1,0,0,2,2,2,0,0,0,0,0,3,1.77,0,30,3,1
4,280,4.55,15.17,0,19.87,1,0,0,9,8,9,2,2,0,0,0,8,1.89625,0,20,3,1
4,230,6.4,4.55,0,11.48,1,0,0,0,0,0,0,0,0,0,0,3,1.516666667,0,32,4,1
4,180,1.47,1.48,0,3.2,1,0,0,0,0,0,0,0,0,0,0,3,0.493333333,0,46,4,1
4,230,10.4,29.82,9.35,61.39,1,2,5,2,2,2,2,2,0,0,0,5,5.964,4.672663668,45,6,1
4,280,6.1,12.91,19.88,39.13,1,2,4,7,3,4,7,4,3,0,0,4,3.2275,9.935032484,16,2,1
4,230,5.99,22.26,44.71,74.45,1,3,9,7,6,9,6,3,3,0,0,9,2.473333333,14.89836721,45,7,1
4,180,5.7,35.27,48.01,91.54,2,3,11,11,9,13,0,0,0,0,0,11,3.206363636,15.99800067,50,5,1
4,255,10.64,31.59,75.62,121.25,1,4,7,14,7,7,11,5,6,0,0,7,4.512857143,18.90027493,45,6,1
4,255,2.13,16.29,23.03,55.29,1,1,6,10,6,6,2,2,0,0,0,6,2.715,23.00699301,51,7,1
4,280,8.79,21.5,72.52,103.86,2,2,10,9,6,12,8,4,3,1,0,10,2.15,36.24187906,35,5,1
4,280,7.03,19.51,73.77,102.95,1,2,3,9,3,3,4,2,2,0,0,3,6.503333333,36.86656672,33,6,1
4,230,6.75,22.23,84.39,114.41,1,2,10,12,9,10,5,3,1,1,0,10,2.223,42.17391304,25,3,1
4,280,9.22,10.78,86.28,107.16,1,2,3,3,2,3,5,4,1,0,0,3,3.593333333,43.11844078,33,4,1
4,255,7.23,17.18,93.38,120.33,1,2,2,9,3,3,4,3,1,0,0,3,5.726666667,46.66666667,41,5,1
4,280,2.45,14.29,53.55,71.76,1,1,1,2,1,1,4,3,1,0,0,3,4.763333333,53.4965035,51,8,1
4,180,2.65,35.1,165.36,204.58,1,3,4,5,3,4,0,0,0,0,0,4,8.775,55.10163279,39,4,1
4,255,11.21,13.99,112.38,139.06,1,2,7,8,7,7,4,1,3,0,0,7,1.998571429,56.16191904,45,5,1
4,230,1.52,6.25,61.85,70.24,1,1,1,1,1,1,2,1,1,0,0,3,2.083333333,61.78821179,25,3,1
4,230,2.19,19.52,126.51,149.01,1,1,4,9,4,4,5,2,3,0,0,4,4.88,126.3836164,28,4,1
5,377,2.02,7.93,0,10.17,1,0,0,2,1,1,4,3,1,0,0,3,2.643333333,0,30,3,1
5,349,1.93,7.45,0,262.53,1,0,0,0,0,0,1,1,0,0,0,3,2.483333333,0,18,2,1
5,349,2.79,0.93,0,4.02,1,0,0,0,0,0,0,0,0,0,0,3,0.31,0,17,2,1
5,377,4.54,7.47,6.61,18.95,1,1,1,3,2,3,4,4,0,0,0,3,2.49,6.603396603,21,2,1
5,155,1.3,31.69,64.19,98.47,1,4,10,7,6,10,0,0,0,0,0,10,3.169,16.04348913,22,3,1
5,377,2.27,20.29,68.18,92.24,1,4,9,14,9,9,14,12,2,0,0,9,2.254444444,17.04073982,28,3,1
5,208,2.77,36.73,70.68,110.43,1,4,7,11,6,7,13,8,4,1,0,7,5.247142857,17.6655836,7,1,1
5,377,1.01,19.32,20.65,41.28,1,1,3,2,2,3,5,5,0,0,0,3,6.44,20.62937063,18,2,1
5,349,5.97,26.86,41.77,75.53,2,2,15,16,14,15,8,7,0,1,0,15,1.790666667,20.87456272,17,2,1
5,377,2.21,39.11,99.89,143.05,2,4,20,18,15,20,14,10,3,1,0,20,1.9555,24.96625844,26,3,1
5,208,2.71,15.46,25,46.47,1,1,9,8,8,9,3,3,0,0,0,9,1.717777778,24.97502498,14,2,1
5,349,2.9,12.98,51.28,67.72,1,2,6,7,6,6,7,7,0,0,0,6,2.163333333,25.62718641,18,2,1
5,349,7.92,34.15,156.82,201.31,1,6,8,13,8,8,19,12,6,1,0,8,4.26875,26.13231128,18,2,1
5,349,3,7.5,36.51,47.29,1,1,1,4,2,2,5,5,0,0,0,3,2.5,36.47352647,18,2,1
5,377,1.23,27.74,148.38,179.09,1,4,9,11,8,10,14,11,3,0,0,9,3.082222222,37.08572857,29,3,1
5,155,3.62,5.58,105.69,133.83,1,2,2,3,2,2,0,0,0,0,0,3,1.86,52.8185907,24,3,1
5,155,4.04,30.53,214.86,251.03,1,4,8,6,6,8,0,0,0,0,0,8,3.81625,53.70157461,24,3,1
5,349,5.37,6.76,61.38,73.83,1,1,1,4,2,3,6,5,1,0,0,3,2.253333333,61.31868132,19,2,1
5,208,2.13,25.31,139.26,166.97,1,2,2,12,10,10,9,8,1,0,0,10,2.531,69.5952024,9,1,1
6,208,7.01,5.89,0,14.36,1,0,0,3,2,2,3,3,0,0,0,3,1.963333333,0,57,7,0
6,208,22.57,14.78,0,37.81,1,0,0,8,5,5,2,2,0,0,0,5,2.956,0,42,5,0
6,259,2.79,27.34,23.15,67.21,2,3,11,22,13,15,4,3,0,1,0,13,2.103076923,7.714095302,32,5,0
6,187,8.93,25.06,8.54,43.13,2,1,1,15,12,14,8,3,3,2,0,12,2.088333333,8.531468531,19,2,0
6,85,8.74,21.17,41.81,83.69,1,4,4,15,4,4,0,0,0,0,0,4,5.2925,10.44988753,25,3,0
6,208,4.72,45.04,24,74.75,2,2,10,21,14,15,9,5,2,2,0,14,3.217142857,11.994003,33,4,0
6,259,10.11,45.87,46.56,107.7,3,3,18,34,24,30,18,9,7,2,0,24,1.91125,15.51482839,35,5,0
6,187,8.22,39.88,32.62,107.38,2,2,20,19,12,20,18,2,13,3,0,20,1.994,16.30184908,38,5,0
6,208,15.46,22.23,72.02,113.4,1,2,10,11,9,10,7,2,2,3,0,10,2.223,35.992004,54,7,0
7,212,11.56,24.1,0,35.97,1,0,0,7,6,9,0,0,0,0,0,6,4.016666667,0,30,3,0
7,229,20.87,0,0,33.97,0,0,0,1,1,1,2,2,0,0,0,3,0,0,44,7,0
7,168,26.1,0,0,60.89,0,0,0,0,0,0,0,0,0,0,0,3,0,0,117,19,0
7,224,24.52,27.26,25.66,84.4,1,3,9,13,6,10,2,1,1,0,0,9,3.028888889,8.550483172,40,5,0
7,224,18.21,54.31,46.88,134.56,2,4,14,13,10,14,16,2,13,1,0,14,3.879285714,11.71707073,37,5,0
7,224,26.7,6.86,17.52,78.01,1,1,2,9,3,3,5,5,0,0,0,3,2.286666667,17.5024975,44,6,0
7,212,7.29,32.06,92.3,134.75,2,3,12,12,8,13,3,1,1,1,0,12,2.671666667,30.75641453,50,6,0
7,229,22.08,58.29,65.11,151.6,2,2,10,20,11,14,8,3,5,0,0,11,5.299090909,32.53873063,55,8,0
7,229,17.09,74.53,70.34,167.55,3,2,19,17,13,27,11,1,9,1,0,19,3.922631579,35.15242379,36,6,0
7,229,26.59,22.11,37.66,87.55,1,1,8,6,6,9,1,0,1,0,0,8,2.76375,37.62237762,51,7,0
7,212,27.89,28.24,39.4,97.31,1,1,4,18,8,9,1,1,0,0,0,8,3.53,39.36063936,52,6,0
7,212,29.85,33.52,39.55,134.17,1,1,1,17,9,10,5,1,4,0,0,9,3.724444444,39.51048951,69,9,0
7,168,1.81,127.14,182.31,322.77,4,2,12,40,24,33,0,0,0,0,0,24,5.2975,91.10944528,57,7,0
8,439,3.08,41.56,0,45.27,2,0,0,17,15,17,4,1,0,3,0,15,2.770666667,0,15,2,1
8,439,5.6,17.9,0,23.91,2,0,0,23,15,16,3,2,0,1,0,15,1.193333333,0,21,2,1
8,790,2.58,30.74,10.01,44.34,3,1,28,25,23,28,3,1,0,2,0,28,1.097857143,10,15,2,1
8,790,4.69,35.67,92.29,136.65,1,6,10,95,10,10,23,9,13,1,0,10,3.567,15.37910348,15,2,1
8,790,5.58,8.72,15.98,30.74,1,1,1,5,3,3,5,5,0,0,0,3,2.906666667,15.96403596,21,3,1
8,498,2.06,1.58,17.18,21.34,1,1,1,3,2,2,6,2,4,0,0,3,0.526666667,17.16283716,25,3,1
8,790,3.52,78.38,192.34,277.14,5,9,35,76,31,42,36,15,13,8,0,35,2.239428571,21.36873681,13,2,1
8,498,2.73,75.52,45.43,127.66,6,2,28,71,40,51,10,3,2,5,0,40,1.888,22.70364818,29,3,1
8,410,5.76,91.55,249.64,372.85,4,8,36,128,38,40,0,0,0,0,0,38,2.409210526,31.20109986,25,3,1
8,410,3.3,7.86,96.05,108.09,1,2,8,13,8,8,0,0,0,0,0,8,0.9825,48.0009995,25,3,1
8,498,6.45,47.67,249.56,324.71,3,4,17,61,24,26,28,11,14,3,0,24,1.98625,62.3744064,26,3,1
8,439,5.56,59.2,337.02,420.12,3,5,26,64,26,26,53,18,23,12,0,26,2.276923077,67.3905219,29,3,1
9,204,18.82,5.8,0,24.8,1,0,0,4,3,4,2,2,0,0,0,3,1.933333333,0,21,2,1
9,326,3.14,1.36,0,5.05,1,0,0,0,0,0,0,0,0,0,0,3,0.453333333,0,36,4,1
9,311,5.98,17.17,6.58,30.38,1,1,3,12,7,8,0,0,0,0,0,7,2.452857143,6.573426573,20,3,1
9,180,21.35,11.99,11.19,57.07,1,1,3,6,4,4,1,1,0,0,0,4,2.9975,11.17882118,31,4,1
9,326,7.75,15.86,25.53,50.71,1,2,3,9,3,3,3,3,0,0,0,3,5.286666667,12.75862069,34,4,1
9,326,1.83,38.93,31.35,101.57,1,2,6,16,7,9,3,3,0,0,0,7,5.561428571,15.66716642,37,4,1
9,311,6.37,30.56,57.6,95.65,1,3,4,16,7,9,0,0,0,0,0,7,4.365714286,19.19360213,24,3,1
9,311,2.23,26.12,39.27,75.7,1,2,5,10,6,9,0,0,0,0,0,6,4.353333333,19.62518741,21,3,1
9,311,7.68,25.64,112.14,152.06,1,5,7,16,6,7,0,0,0,0,0,7,3.662857143,22.4235153,20,3,1
9,326,6.62,26.73,74.62,131.87,1,3,7,14,6,7,2,2,0,0,0,7,3.818571429,24.86504499,26,3,1
9,326,2.99,20.08,61.45,87.03,1,2,2,8,5,5,4,3,1,0,0,5,4.016,30.70964518,32,4,1
9,180,8.64,6.96,61.45,90.77,1,2,2,6,3,3,0,0,0,0,0,3,2.32,30.70964518,16,2,1
9,180,2.89,40.8,211.23,258.13,1,5,9,20,7,9,5,5,0,0,0,9,4.533333333,42.23755249,31,4,1
9,311,2.48,6.67,43.42,55.74,1,1,5,3,3,5,0,0,0,0,0,5,1.334,43.37662338,31,5,1
9,326,3.2,24.43,103.35,132.72,1,2,5,15,8,8,4,4,0,0,0,8,3.05375,51.64917541,29,3,1
9,311,4.62,16.79,53.88,75.53,1,1,6,10,7,9,0,0,0,0,0,7,2.398571429,53.82617383,15,2,1
9,204,3.22,49.61,349.99,426.07,2,6,18,42,17,20,13,10,2,1,0,18,2.756111111,58.32194634,33,4,1
10,302,14.97,16.48,0,31.68,1,0,0,18,10,10,2,2,0,0,0,10,1.648,0,30,3,1
10,181,11.9,1.24,0,51.68,1,0,0,19,10,10,2,2,0,0,0,10,0.124,0,36,4,1
10,302,11.49,66.66,118.82,205.27,2,6,15,25,10,16,14,13,0,1,0,15,4.444,19.80003333,57,6,1
10,296,3.62,25.8,26.27,56.41,2,1,12,10,7,15,0,0,0,0,0,12,2.15,26.24375624,22,3,1
10,296,5.19,80.71,145.65,232.86,2,5,18,85,20,20,0,0,0,0,0,20,4.0355,29.12417516,15,2,1
10,116,1.77,49.35,32.51,94.67,1,1,1,1,1,1,2,2,0,0,0,3,16.45,32.47752248,28,4,1
10,302,7.17,54.21,173.39,237.43,1,5,7,16,7,7,15,15,0,0,0,7,7.744285714,34.67106579,39,4,1
10,181,9.54,24.03,117.38,187.24,1,3,6,31,10,10,12,10,1,1,0,10,2.403,39.11362879,18,2,1
10,116,6.47,39.85,157.16,204.98,1,3,9,14,8,9,10,10,0,0,0,9,4.427777778,52.36921026,25,3,1
11,107,30.46,69.05,174.89,280.73,1,5,9,10,7,10,16,6,10,0,0,9,7.672222222,34.9710058,47,6,0
11,82,25.81,79.64,132.83,243.85,1,3,10,9,7,10,10,2,8,0,0,10,7.964,44.2619127,35,5,0
11,61,15.55,73.52,168.38,258.52,1,3,5,8,4,6,0,0,0,0,0,5,14.704,56.10796401,19,2,0
11,52,34.19,24.35,160.24,230.48,1,2,2,2,2,2,5,2,3,0,0,3,8.116666667,80.07996002,39,5,0
12,417,6.28,39.01,0,46.49,1,0,0,19,10,10,2,2,0,0,0,10,3.901,0,23,3,0
12,493,4.14,14.33,0,18.66,1,0,0,9,3,3,1,1,0,0,0,3,4.776666667,0,27,3,0
12,417,11.9,6.13,0,19.08,1,0,0,4,3,4,2,2,0,0,0,3,2.043333333,0,29,3,0
12,417,6.37,8.14,0,15.39,1,0,0,6,4,4,2,2,0,0,0,4,2.035,0,28,3,0
12,493,10.65,22.46,0,33.33,1,0,0,20,7,9,3,2,1,0,0,7,3.208571429,0,30,3,0
12,493,4.31,8.29,0,12.77,1,0,0,8,4,4,2,2,0,0,0,4,2.0725,0,26,3,0
12,493,16.73,3.08,0,20.07,1,0,0,0,0,0,0,0,0,0,0,3,1.026666667,0,23,3,0
12,152,14.34,17.19,10.01,42.07,1,1,6,11,6,6,0,0,0,0,0,6,2.865,10,34,4,0
12,362,3.33,9.09,10.01,22.69,1,1,4,9,4,4,0,0,0,0,0,4,2.2725,10,22,3,0
12,493,5.78,9.27,15.46,30.68,1,1,1,1,1,1,3,1,0,2,0,3,3.09,15.44455544,29,3,0
12,493,8.14,22.24,23.55,54.29,1,1,2,24,10,10,7,6,0,1,0,10,2.224,23.52647353,27,3,0
12,493,7.44,5.64,25.91,39.32,1,1,1,5,2,2,2,2,0,0,0,3,1.88,25.88411588,31,3,0
12,362,8.5,10.46,55.02,75.01,1,2,4,9,4,4,3,1,0,2,0,4,2.615,27.49625187,24,3,0
12,417,8.06,10.6,61.83,82.77,1,2,8,20,9,10,16,8,7,1,0,9,1.177777778,30.89955022,33,4,0
12,417,3.09,34.82,103.42,145.34,1,3,9,46,10,10,15,7,6,2,0,10,3.482,34.46184605,28,3,0
12,493,4.23,7.12,40.03,51.66,1,1,2,11,5,5,8,3,4,1,0,5,1.424,39.99000999,28,3,0
12,493,10.69,24.49,44.37,79.85,1,1,1,27,9,9,9,8,1,0,0,9,2.721111111,44.32567433,28,3,0
12,362,7.48,16.85,92.54,117.87,1,2,6,17,8,8,17,9,3,5,0,8,2.10625,46.24687656,28,4,0
12,493,7.58,10.99,52.41,72.01,1,1,6,12,6,6,8,6,0,2,0,6,1.831666667,52.35764236,40,4,0
12,493,9.39,5.98,59.5,75.14,1,1,2,2,2,2,6,2,1,3,0,3,1.993333333,59.44055944,28,3,0
12,152,3.85,7.35,87.46,99.56,1,1,2,4,2,2,0,0,0,0,0,3,2.45,87.37262737,33,4,0
12,362,11.21,46.74,197.59,256.65,2,2,7,59,20,20,17,9,2,6,0,20,2.337,98.74562719,21,3,0
12,152,5.38,14,296.97,325.99,1,3,4,22,4,4,0,0,0,0,0,4,3.5,98.95701433,25,3,0
12,417,7.37,19.28,148.62,178.43,1,1,1,15,10,10,7,3,4,0,0,10,1.928,148.4715285,39,4,0
13,251,10.02,34.06,0,45.39,2,0,0,3,3,20,3,1,1,1,0,3,11.35333333,0,38,4,0
13,329,4.7,31.94,0,37.51,1,0,0,5,4,10,3,3,0,0,0,4,7.985,0,46,6,0
13,329,16.49,12.16,8.2,37.57,1,1,2,1,1,2,2,2,0,0,0,3,4.053333333,8.191808192,40,5,0
13,297,13.25,67.26,52.52,136.92,3,6,23,35,18,30,0,0,0,0,0,23,2.924347826,8.751874688,38,6,0
13,297,12.09,57.93,51.16,152.29,3,5,16,21,14,22,0,0,0,0,0,16,3.620625,10.22995401,63,9,0
13,297,2.86,19.9,26.12,91.2,2,2,4,6,4,6,0,0,0,0,0,4,4.975,13.05347326,95,13,0
13,304,15.2,16.75,31.55,67.14,1,2,2,4,3,3,6,6,0,0,0,3,5.583333333,15.76711644,32,4,0
13,304,6.29,33.67,56.56,107.09,1,3,7,10,6,7,8,8,0,0,0,7,4.81,18.84705098,23,3,0
13,329,7.86,90.35,121.6,235.44,3,5,15,30,17,22,24,21,1,2,0,17,5.314705882,24.31513697,51,6,0
13,304,4.9,26.71,26.24,60.08,1,1,10,4,4,10,4,4,0,0,0,10,2.671,26.21378621,45,8,0
13,304,2.95,48.1,162.54,216.66,2,6,16,18,11,16,22,12,8,2,0,16,3.00625,27.08548575,25,3,0
13,251,11.16,30.94,28.29,81.28,2,1,3,9,7,12,7,4,2,1,0,7,4.42,28.26173826,46,6,0
13,251,14.05,49.02,87.07,157.99,1,2,5,7,4,5,8,4,3,1,0,5,9.804,43.51324338,71,9,0
13,251,4.3,26.08,44.28,80.22,2,1,4,6,6,12,7,3,2,2,0,6,4.346666667,44.23576424,55,7,0
13,329,3.17,47.88,99.53,162.5,1,2,4,19,5,5,9,6,1,2,0,5,9.576,49.74012994,86,11,0
13,251,3.58,14.81,51.71,73.02,1,1,3,6,3,3,6,5,1,0,0,3,4.936666667,51.65834166,37,5,0
14,621,4.56,6.73,0,13.11,1,0,0,0,0,0,1,1,0,0,0,3,2.243333333,0,34,5,1
14,324,13.39,6.27,0,30.07,1,0,0,3,2,2,0,0,0,0,0,3,2.09,0,52,6,1
14,932,4.02,6.01,0,10.87,1,0,0,2,1,1,1,1,0,0,0,3,2.003333333,0,36,5,1
14,621,3.65,5.3,0,9.3,1,0,0,1,1,1,3,2,1,0,0,3,1.766666667,0,25,3,1
14,324,3.37,4.14,0,7.88,1,0,0,0,0,0,0,0,0,0,0,3,1.38,0,30,3,1
14,932,14.67,85.05,45.12,151.11,3,14,22,79,22,24,20,7,10,3,0,22,3.865909091,3.222626955,26,4,1
14,932,4.59,39.31,18.47,79.79,3,5,20,41,20,24,11,7,2,2,0,20,1.9655,3.693261348,26,3,1
14,932,3.93,111.72,93.86,247.22,4,19,40,99,39,40,13,10,1,2,0,40,2.793,4.939740014,46,6,1
14,621,11.12,30.94,27.7,77.39,2,3,5,24,13,14,5,4,0,1,0,13,2.38,9.230256581,44,6,1
14,621,7.43,8.77,13.57,30.79,1,1,5,6,4,5,3,3,0,0,0,5,1.754,13.55644356,23,3,1
14,621,9.96,116.64,219.7,357.88,7,15,62,114,58,65,26,12,5,9,0,62,1.881290323,14.64569029,33,4,1
14,324,2.94,108.6,288,442.73,3,16,29,70,28,29,0,0,0,0,0,29,3.744827586,17.99887507,67,8,1
14,299,3.16,77.98,372.14,464.43,3,11,21,60,22,22,29,11,14,4,0,22,3.544545455,33.82783383,37,6,1
15,674,9,29.21,0,42.7,3,0,0,33,22,25,3,1,0,2,0,22,1.327727273,0,24,3,0
15,674,2.69,12.27,0,24.11,1,0,0,14,9,9,3,2,1,0,0,9,1.363333333,0,26,3,0
15,674,5.52,24.5,0,32.52,3,0,0,30,23,24,5,3,0,2,0,23,1.065217391,0,16,3,0
15,674,2.9,5.73,10.01,19.03,1,1,3,3,3,3,1,1,0,0,0,3,1.91,10,18,2,0
15,434,2.6,49.75,40.92,132.29,3,4,21,66,24,24,0,0,0,0,0,24,2.072916667,10.22744314,20,3,0
15,434,8.4,74.46,93.11,185.8,2,5,20,83,20,20,0,0,0,0,0,20,3.723,18.61827634,20,3,0
15,330,3.56,11.84,19.12,35.42,1,1,9,23,9,9,3,1,1,1,0,9,1.315555556,19.1008991,21,3,0
15,674,13.97,82.78,48.71,163.12,4,2,9,78,33,35,7,1,2,4,0,33,2.508484848,24.34282859,46,5,0
15,330,2.38,17.33,28.81,55.56,2,1,18,23,18,18,6,2,2,2,0,18,0.962777778,28.78121878,25,3,0
15,423,17.26,38.95,75.74,146.01,4,2,14,57,32,35,19,4,11,4,0,32,1.2171875,37.85107446,30,3,0
15,674,12.38,43.94,132.28,195.16,2,3,19,46,20,20,16,3,7,6,0,20,2.197,44.07864045,34,4,0
15,330,6.72,18.49,184.54,223.77,1,4,6,30,10,10,9,3,5,1,0,10,1.849,46.12346913,25,3,0
15,423,10.75,39.72,271.71,337.44,3,5,25,62,25,25,10,2,5,3,0,25,1.5888,54.33113377,27,3,0
15,330,2.07,18.91,78.13,108.06,1,1,5,7,6,6,3,1,2,0,0,6,3.151666667,78.05194805,35,4,0
16,570,5.61,24.27,0,30.32,1,0,0,12,6,6,2,2,0,0,0,6,4.045,0,25,3,0
16,570,4.55,46.63,0,53,3,0,0,42,23,25,4,1,0,3,0,23,2.027391304,0,35,5,0
16,764,3.13,51.61,22.22,82.02,2,3,19,38,18,19,10,10,0,0,0,19,2.716315789,7.4041986,37,4,0
16,764,6.07,57.21,42.51,114.27,4,4,25,72,35,36,15,11,2,2,0,35,1.634571429,10.62484379,27,3,0
16,570,5.66,24.53,18.11,49.37,1,1,5,30,10,10,10,6,3,1,0,10,2.453,18.09190809,31,4,0
16,764,15.69,52.06,78.56,166.22,3,4,29,65,29,29,32,13,18,1,0,29,1.795172414,19.63509123,37,4,0
16,764,3.71,54.77,58.99,122.86,2,3,13,34,14,15,10,7,2,1,0,14,3.912142857,19.65678107,27,3,0
16,570,4.05,44.88,59.3,119.23,2,3,15,49,17,17,14,8,5,1,0,17,2.64,19.76007997,38,5,0
16,309,3.52,49.19,119.84,174.46,1,4,9,23,9,9,0,0,0,0,0,9,5.465555556,29.95251187,16,2,0
16,363,12.69,26.45,62.81,119.83,1,2,8,30,9,10,5,4,1,0,0,9,2.938888889,31.38930535,32,3,0
16,309,7.69,53.55,242.91,309.52,2,6,13,65,15,15,0,0,0,0,0,15,3.57,40.47825362,14,2,0
16,363,1.54,69.85,295.83,369.09,3,6,26,57,26,26,35,15,17,3,0,26,2.686538462,49.29678387,19,2,0
16,570,10.45,36.82,167.42,218.78,3,2,14,40,27,27,13,3,6,4,0,27,1.363703704,83.66816592,45,6,0
17,224,8.36,8.61,0,17.15,1,0,0,0,0,0,0,0,0,0,0,3,2.87,0,29,3,0
17,224,3.33,5.25,0,8.68,1,0,0,3,2,2,0,0,0,0,0,3,1.75,0,21,2,0
17,225,1.94,3.1,0,5.38,1,0,0,0,0,0,0,0,0,0,0,3,1.033333333,0,26,3,0
17,149,5.24,3.69,0,26.22,1,0,0,5,4,4,5,3,2,0,0,4,0.9225,0,10,1,0
17,225,3.02,96.33,10.37,111.37,2,3,5,35,20,20,10,4,4,2,0,20,4.8165,3.455514828,26,3,0
17,225,7.63,70.04,7.07,86.11,2,2,16,12,8,16,7,1,6,0,0,16,4.3775,3.533233383,26,3,0
17,149,2.08,83.07,14.76,100.58,1,4,8,24,8,10,9,2,7,0,0,8,10.38375,3.689077731,9,1,0
17,296,9.4,45.31,14.94,79,1,4,6,21,10,10,7,6,1,0,0,10,4.531,3.734066483,16,2,0
17,224,14.91,183.18,43.24,244.46,5,6,42,48,31,44,0,0,0,0,0,42,4.361428571,7.205465756,29,3,0
17,296,6.75,96.26,47.99,181.36,3,6,30,45,20,30,12,5,5,2,0,30,3.208666667,7.9970005,25,3,0
18,132,3.1,35.19,0,41.28,2,0,0,3,3,20,2,1,0,1,0,3,11.73,0,46,8,0
18,102,3.36,34.17,0,38.08,1,0,0,1,1,1,7,2,5,0,0,3,11.39,0,42,5,0
18,102,3.55,10.29,0,14.13,1,0,0,0,0,0,1,0,1,0,0,3,3.43,0,30,3,0
18,132,8.56,6.47,0,16.06,1,0,0,0,0,0,0,0,0,0,0,3,2.156666667,0,43,8,0
18,132,17.37,5.52,0,23.94,1,0,0,0,0,0,0,0,0,0,0,3,1.84,0,40,7,0
18,40,7.22,0,0,126.23,0,0,0,0,0,0,0,0,0,0,0,3,0,0,43,6,0
18,184,31.44,0,0,32.05,1,0,0,0,0,0,0,0,0,0,0,3,0,0,46,5,0
18,132,13.12,67.32,37.19,130.37,2,1,14,3,1,14,2,0,2,0,0,14,4.808571429,37.15284715,50,8,0
18,184,2.43,76.72,121.04,203.29,2,2,6,9,6,13,8,4,1,3,0,6,12.78666667,60.48975512,46,5,0
18,102,8.46,13.18,72.38,110.07,1,1,2,2,2,2,4,3,1,0,0,3,4.393333333,72.30769231,86,11,0
18,132,3.1,54.72,189.98,251,1,2,8,7,3,8,7,1,4,2,0,8,6.84,94.94252874,42,7,0
18,184,4.33,83.05,115.13,208.99,5,1,22,13,11,44,10,1,9,0,0,22,3.775,115.014985,53,6,0
18,40,34.85,33.33,228.26,298.27,1,1,1,3,2,2,0,0,0,0,0,3,11.11,228.031968,47,6,0
18,102,7.18,22.72,279.08,313.55,1,1,3,3,3,3,2,2,0,0,0,3,7.573333333,278.8011988,61,7,0
19,333,7.07,10,0,17.3,1,0,0,0,0,0,0,0,0,0,0,3,3.333333333,0,21,3,1
19,435,13.89,6.27,0,20.37,1,0,0,5,2,2,3,3,0,0,0,3,2.09,0,24,3,1
19,333,2.85,6.47,0,9.49,1,0,0,6,6,6,2,2,0,0,0,6,1.078333333,0,17,2,1
19,333,8.46,17.66,0,35.55,1,0,0,18,5,5,7,7,0,0,0,5,3.532,0,23,3,1
19,435,1.93,5.6,0,7.98,1,0,0,7,7,8,2,2,0,0,0,7,0.8,0,36,4,1
19,435,5.13,5.29,0,10.63,1,0,0,7,5,5,1,1,0,0,0,5,1.058,0,27,3,1
19,435,3.81,1.33,0,12.69,1,0,0,3,2,2,2,2,0,0,0,3,0.443333333,0,30,3,1
19,333,7.43,1.95,0,19.6,1,0,0,7,7,7,3,3,0,0,0,7,0.278571429,0,15,2,1
19,333,6.95,9.37,9.46,26.74,1,1,1,3,2,2,5,4,0,1,0,3,3.123333333,9.450549451,22,4,1
19,435,6.28,7.69,21.76,36.07,1,1,2,6,4,6,15,10,2,3,0,4,1.9225,21.73826174,25,3,1
19,435,2.56,14.2,23.76,40.92,1,1,3,9,5,5,8,8,0,0,0,5,2.84,23.73626374,25,3,1
19,435,2.57,27.27,111.13,153.43,1,4,8,32,10,19,33,25,5,3,0,10,2.727,27.77555611,39,4,1
19,261,2.71,23.45,38.46,65.55,1,1,1,15,7,8,0,0,0,0,0,7,3.35,38.42157842,29,4,1
19,261,4.92,26.63,117.06,154.74,1,3,9,25,10,10,0,0,0,0,0,10,2.663,39.00699767,17,2,1
19,237,4.74,10.15,49.04,64.47,1,1,1,4,2,2,3,2,1,0,0,3,3.383333333,48.99100899,24,3,1
19,237,3.39,30.24,337.6,392.9,1,5,10,29,9,10,39,25,8,6,0,10,3.024,67.5064987,18,2,1
19,261,4.46,30.38,147.74,183.73,1,2,2,48,10,10,0,0,0,0,0,10,3.038,73.83308346,25,3,1
19,333,11.83,25.61,209.33,247.81,1,2,5,27,8,8,18,10,8,0,0,8,3.20125,104.6126937,20,3,1
19,435,12.3,25.79,107.1,145.59,1,1,2,9,4,4,6,6,0,0,0,4,6.4475,106.993007,26,3,1
19,333,3.78,5.32,118.88,128.39,1,1,1,12,3,3,3,3,0,0,0,3,1.773333333,118.7612388,16,2,1
20,340,2.21,18.98,0,21.36,1,0,0,4,4,9,3,3,0,0,0,4,4.745,0,30,3,0
20,340,4.08,13.74,0,18.05,1,0,0,0,0,0,1,1,0,0,0,3,4.58,0,28,3,0
20,340,4.18,2.79,0,7.12,1,0,0,0,0,0,0,0,0,0,0,3,0.93,0,21,2,0
20,587,4.16,6.41,0,10.78,1,0,0,7,4,4,2,2,0,0,0,4,1.6025,0,21,3,0
20,587,2.41,155.43,275.75,478,8,12,63,133,64,75,54,43,0,11,0,64,2.42859375,22.9772519,21,3,0
20,292,4.1,115.6,361.49,487.23,5,10,44,59,36,46,32,25,0,7,0,44,2.627272727,36.14538546,18,2,0
20,246,3.2,108.77,268.5,385.97,5,6,36,55,40,46,0,0,0,0,0,40,2.71925,44.74254291,25,3,0
20,340,4.33,115.89,278.19,420.04,3,5,14,69,24,30,29,25,1,3,0,24,4.82875,55.62687463,28,3,0
21,416,12.63,5.27,0,18.15,1,0,0,3,3,3,0,0,0,0,0,3,1.756666667,0,26,3,1
21,416,4.26,3.78,0,9.47,1,0,0,1,1,1,0,0,0,0,0,3,1.26,0,25,3,1
21,416,9.15,3.72,0,13.16,1,0,0,0,0,0,0,0,0,0,0,3,1.24,0,14,2,1
21,771,4.77,8.41,0,13.47,1,0,0,7,5,6,5,4,1,0,0,5,1.682,0,41,6,1
21,626,9.2,3.25,0,12.87,1,0,0,0,0,0,2,1,1,0,0,3,1.083333333,0,26,3,1
21,771,7.95,8.21,0,16.5,1,0,0,15,4,4,4,3,1,0,0,4,2.0525,0,27,3,1
21,626,1.88,7.98,0,10.4,1,0,0,17,8,8,5,4,1,0,0,8,0.9975,0,45,6,1
21,771,10.44,22.8,3.41,38.96,4,1,31,18,13,33,6,4,1,1,0,31,0.735483871,3.406593407,39,5,1
21,771,4.51,10.53,4.31,20.3,1,1,1,7,4,4,4,2,2,0,0,4,2.6325,4.305694306,33,4,1
21,626,9.72,8.58,4.72,28.08,1,1,4,3,3,4,4,2,2,0,0,4,2.145,4.715284715,28,4,1
21,771,9.87,7.91,4.93,29.96,1,1,3,5,3,3,5,5,0,0,0,3,2.636666667,4.925074925,37,4,1
21,771,14.06,15.31,6.21,36.59,1,1,4,17,7,9,4,4,0,0,0,7,2.187142857,6.203796204,35,5,1
21,771,4.01,30.75,13.66,51.64,3,2,19,51,23,23,18,8,4,6,0,23,1.336956522,6.826586707,43,5,1
21,416,3.03,13.35,7.15,24.29,1,1,7,15,9,9,0,0,0,0,0,9,1.483333333,7.142857143,32,4,1
21,626,9.27,6.96,7.63,24.72,1,1,1,13,5,5,2,2,0,0,0,5,1.392,7.622377622,37,5,1
21,614,6.17,17.42,17.61,42.06,2,2,13,12,6,13,8,6,1,1,0,13,1.34,8.8005997,18,2,1
21,771,6.55,8.11,10.92,26.73,1,1,2,14,4,4,10,7,3,0,0,4,2.0275,10.90909091,25,3,1
21,626,16.85,3.18,13.64,34.61,1,1,1,2,1,1,2,1,1,0,0,3,1.06,13.62637363,53,8,1
21,771,3.75,3.28,15.22,22.91,1,1,1,1,1,1,2,2,0,0,0,3,1.093333333,15.2047952,35,5,1
21,626,9.85,54.24,47.49,123.78,3,3,22,58,22,22,21,17,3,1,0,22,2.465454545,15.82472509,27,4,1
21,614,14.98,7.74,15.99,39.27,1,1,5,12,6,6,3,3,0,0,0,6,1.29,15.97402597,26,3,1
21,614,4.11,7.04,20.58,32,1,1,6,13,6,6,3,2,1,0,0,6,1.173333333,20.55944056,29,3,1
21,614,7.72,6.89,21.55,36.44,1,1,1,10,4,4,11,7,3,1,0,4,1.7225,21.52847153,29,3,1
21,614,3.86,56.21,134.49,196.67,3,6,24,66,23,24,29,21,7,1,0,24,2.342083333,22.41126479,29,3,1
21,626,5.93,17.36,23.43,47.79,2,1,11,11,8,13,13,11,1,1,0,11,1.578181818,23.40659341,18,3,1
21,626,1.56,8.82,24.32,40.78,1,1,1,7,2,2,4,2,2,0,0,3,2.94,24.2957043,34,4,1
21,614,10.88,6.51,24.71,42.55,1,1,1,4,2,2,4,4,0,0,0,3,2.17,24.68531469,34,6,1
21,416,1.27,24.35,75.44,103.7,3,3,21,28,18,24,0,0,0,0,0,21,1.15952381,25.13828724,32,4,1
21,626,5.87,6.73,26.47,39.41,1,1,6,8,7,10,7,4,3,0,0,7,0.961428571,26.44355644,25,3,1
21,771,14.69,7.74,53.27,80.62,1,2,6,18,7,7,8,5,3,0,0,7,1.105714286,26.62168916,35,4,1
21,626,1.37,24.28,95.34,123.15,1,3,5,12,6,6,15,11,3,1,0,6,4.046666667,31.7694102,26,3,1
21,614,4.76,18.69,34.58,73.75,1,1,3,26,4,4,11,8,3,0,0,4,4.6725,34.54545455,27,3,1
21,771,4.43,16.6,107.21,137.05,1,3,10,24,10,10,26,19,7,0,0,10,1.66,35.72475841,34,4,1
21,416,2.42,15.71,87.2,116.23,1,2,10,25,10,10,0,0,0,0,0,10,1.571,43.57821089,25,4,1
22,275,10.72,10.34,0,21.22,1,0,0,0,0,0,0,0,0,0,0,3,3.446666667,0,21,2,0
22,275,3.14,7.72,0,26.44,1,0,0,3,2,2,2,1,1,0,0,3,2.573333333,0,29,3,0
22,227,14.49,44.69,18.64,80.87,2,1,1,21,18,20,7,5,0,2,0,18,2.482777778,18.62137862,36,4,0
22,350,23.7,108.92,159.84,309.48,4,8,33,59,35,37,0,0,0,0,0,35,3.112,19.97750281,33,4,0
22,350,9.35,71.24,90.84,172.96,3,3,19,42,25,27,0,0,0,0,0,25,2.8496,30.26991003,21,3,0
22,275,4.9,102.7,331.27,441.15,3,7,20,53,21,24,25,15,2,8,0,21,4.89047619,47.31752607,30,3,0
22,179,29.23,142.07,282.34,460.01,4,5,38,33,22,40,17,10,1,6,0,38,3.738684211,56.45670866,35,4,0
22,227,9.21,81.46,311.71,424.1,3,5,13,20,12,13,21,10,9,2,0,13,6.266153846,62.32953409,24,3,0
23,413,4.23,20.38,0,25.03,1,0,0,4,4,9,0,0,0,0,0,4,5.095,0,15,2,0
23,413,11.81,12.52,0,24.96,1,0,0,1,1,1,0,0,0,0,0,3,4.173333333,0,22,3,0
23,413,2.23,18.01,0,21.03,1,0,0,5,3,4,0,0,0,0,0,3,6.003333333,0,24,4,0
23,413,1.35,24.1,0,26.15,1,0,0,9,7,8,0,0,0,0,0,7,3.442857143,0,23,3,0
23,413,7.98,10.86,0,67.64,1,0,0,5,4,4,0,0,0,0,0,4,2.715,0,35,4,0
23,354,6.56,5,0,19.06,1,0,0,1,1,1,3,3,0,0,0,3,1.666666667,0,21,2,0
23,413,1.62,41.89,0,55.1,2,0,0,30,16,17,0,0,0,0,0,16,2.618125,0,17,2,0
23,413,5.08,5.73,0,12.17,1,0,0,5,4,4,0,0,0,0,0,4,1.4325,0,11,2,0
23,240,6.7,1.81,0,8.76,1,0,0,0,0,0,0,0,0,0,0,3,0.603333333,0,18,2,0
23,354,1.51,4.42,0,6.11,1,0,0,11,7,8,2,2,0,0,0,7,0.631428571,0,19,2,0
23,413,6.8,8.92,7.58,24.31,1,1,1,8,4,4,0,0,0,0,0,4,2.23,7.572427572,24,3,0
23,413,8.47,23.82,8.78,41.91,1,1,5,17,10,10,0,0,0,0,0,10,2.382,8.771228771,36,4,0
23,413,3.03,22.43,9.38,37.98,1,1,3,13,10,10,0,0,0,0,0,10,2.243,9.370629371,30,5,0
23,413,9.18,32.81,20.95,63.76,1,2,4,15,8,10,0,0,0,0,0,8,4.10125,10.46976512,20,2,0
23,240,3.79,31.35,11.49,48,2,1,12,8,6,13,3,3,0,0,0,12,2.6125,11.47852148,25,4,0
23,363,19.36,29.25,34.27,83.6,2,2,8,18,10,11,9,7,1,1,0,10,2.925,17.12643678,13,2,0
23,240,3.59,15.69,57.31,78.34,1,3,4,10,5,5,5,4,0,1,0,5,3.138,19.09696768,25,3,0
23,363,9.54,28.76,43.72,91.97,1,2,6,20,9,10,12,8,2,2,0,9,3.195555556,21.84907546,15,2,0
23,354,9.45,72.58,267.49,366.71,2,9,19,57,20,20,27,17,6,4,0,20,3.629,29.71780913,30,3,0
23,354,3.4,28.13,62.51,94.34,1,2,8,5,4,9,8,5,1,2,0,8,3.51625,31.23938031,17,2,0
23,363,6.75,20.18,35.16,62.2,1,1,4,16,8,8,12,7,2,3,0,8,2.5225,35.12487512,8,1,0
23,363,5.66,57.13,70.3,135.83,3,2,18,24,16,21,11,8,1,2,0,18,3.173888889,35.13243378,24,3,0
23,413,9.76,27.26,50.87,88.8,1,1,9,11,9,9,0,0,0,0,0,9,3.028888889,50.81918082,27,3,0
23,240,9.86,23.75,157.84,193.04,1,3,9,12,6,10,10,7,0,3,0,9,2.638888889,52.5958014,27,3,0
23,240,2.39,8.22,127.32,139.13,1,2,2,4,2,2,7,3,4,0,0,3,2.74,63.62818591,26,3,0
24,458,10.82,8.35,0,19.26,1,0,0,1,1,1,2,2,0,0,0,3,2.783333333,0,15,2,1
24,458,5.4,5.41,0,11.12,1,0,0,4,4,4,2,2,0,0,0,4,1.3525,0,17,2,1
24,458,2.73,9.22,0,12.27,1,0,0,8,7,10,3,3,0,0,0,7,1.317142857,0,28,4,1
24,458,4.14,12.01,8.38,25.11,1,1,8,8,7,9,2,2,0,0,0,8,1.50125,8.371628372,24,3,1
24,458,3.77,4.85,11.05,19.86,1,1,2,3,2,2,3,1,2,0,0,3,1.616666667,11.03896104,16,2,1
24,458,1.52,5.36,11.75,19.29,1,1,3,3,3,3,2,1,1,0,0,3,1.786666667,11.73826174,24,3,1
24,432,2.35,25.24,69.71,119.12,2,5,13,23,13,13,15,11,1,3,0,13,1.941538462,13.93921216,33,4,1
24,432,2.92,13.21,18.19,45.44,1,1,1,9,7,10,3,3,0,0,0,7,1.887142857,18.17182817,35,4,1
24,319,10.65,21.36,39.68,72.15,1,2,6,13,7,7,11,5,5,1,0,7,3.051428571,19.83008496,22,3,1
24,458,2.07,26.3,22.46,52.22,3,1,8,19,14,22,8,6,0,2,0,14,1.878571429,22.43756244,23,3,1
24,458,16.97,60.07,233.9,321.35,3,9,22,41,21,22,26,21,0,5,0,22,2.730454545,25.98600156,36,5,1
24,149,2.56,70.57,83.33,168.98,3,3,10,18,16,28,0,0,0,0,0,16,4.410625,27.76741086,23,3,1
24,432,6.7,37.79,85.97,133.47,2,3,6,22,11,19,16,12,1,3,0,11,3.435454545,28.64711763,26,3,1
24,319,9.36,87.14,241.9,342.19,3,8,26,39,25,27,39,18,18,3,0,26,3.351538462,30.23372078,38,4,1
24,432,4.37,42.47,140.31,189.86,3,4,16,19,15,22,17,8,6,3,0,16,2.654375,35.06873282,27,3,1
24,149,7.31,62.06,125.84,198.01,2,3,5,9,8,12,0,0,0,0,0,8,7.7575,41.9326891,16,2,1
25,297,14.94,9.3,0,24.37,1,0,0,3,2,2,2,2,0,0,0,3,3.1,0,21,2,0
25,186,4.01,9.19,0,13.42,1,0,0,1,1,1,2,2,0,0,0,3,3.063333333,0,30,3,0
25,297,7.51,8.17,0,15.95,1,0,0,2,1,1,2,2,0,0,0,3,2.723333333,0,33,5,0
25,297,3.16,6.7,0,10.07,1,0,0,0,0,0,0,0,0,0,0,3,2.233333333,0,20,2,0
25,297,14,39.14,17.58,75.38,1,2,7,11,7,9,5,5,0,0,0,7,5.591428571,8.785607196,45,7,0
25,186,33.17,34.82,12.52,89.55,1,1,3,10,6,7,1,1,0,0,0,6,5.803333333,12.50749251,37,6,0
25,297,5.38,46.83,100.86,165.65,2,3,6,25,13,13,9,6,2,1,0,13,3.602307692,33.60879707,36,5,0
25,133,18.93,22.79,140.28,217.86,1,3,5,11,5,5,0,0,0,0,0,5,4.558,46.74441853,35,5,0
25,297,6.23,27.62,50.1,84.81,1,1,8,9,6,8,5,2,3,0,0,8,3.4525,50.04995005,34,5,0
25,186,4.8,15.06,57.24,78.04,1,1,2,2,2,2,1,1,0,0,0,3,5.02,57.18281718,39,4,0
25,186,1.89,61.89,241.09,306.33,2,4,10,20,10,10,7,6,0,1,0,10,6.189,60.25743564,30,4,0
25,297,10.19,23.95,76.66,111.51,1,1,1,6,4,4,4,4,0,0,0,4,5.9875,76.58341658,32,5,0
25,109,10.21,43.06,386.24,440.65,1,4,5,15,5,5,12,6,6,0,0,5,8.612,96.53586603,16,2,0
26,174,4.72,15.89,0,20.8,1,0,0,5,4,6,1,1,0,0,0,4,3.9725,0,33,4,1
26,174,4.35,7.66,0,12.12,1,0,0,1,1,1,1,1,0,0,0,3,2.553333333,0,21,2,1
26,267,3.95,11.87,0,15.98,1,0,0,23,10,10,1,1,0,0,0,10,1.187,0,20,3,1
26,267,2.84,25.34,26.31,55.69,2,5,10,28,13,13,4,3,0,1,0,13,1.949230769,5.26094781,21,3,1
26,267,4.83,13.54,31.29,60.62,1,4,8,16,7,8,3,3,0,0,0,8,1.6925,7.820544864,21,3,1
26,167,6.3,35.66,24.68,78.18,1,2,6,27,9,10,0,0,0,0,0,9,3.962222222,12.33383308,26,3,1
26,167,4.78,4.58,14.2,24.2,1,1,1,2,1,1,0,0,0,0,0,3,1.526666667,14.18581419,24,3,1
26,168,11.91,34.5,132.27,191.27,2,7,18,31,16,19,12,10,1,1,0,18,1.916666667,18.89301528,25,3,1
26,174,9.69,39.29,65.82,117.01,2,3,4,13,9,10,9,7,1,1,0,9,4.365555556,21.9326891,37,5,1
26,174,7.55,18.79,45.94,82.93,1,2,9,7,7,9,1,0,1,0,0,9,2.087777778,22.95852074,33,4,1
26,167,6.76,26.8,32.39,66.56,1,1,6,20,7,8,0,0,0,0,0,7,3.828571429,32.35764236,26,3,1
27,296,5.72,7.94,0,14,1,0,0,5,3,3,2,2,0,0,0,3,2.646666667,0,21,3,1
27,285,1.91,3.86,0,6.4,1,0,0,2,2,4,2,2,0,0,0,3,1.286666667,0,37,5,1
27,282,1.71,2.69,0,4.51,1,0,0,0,0,0,0,0,0,0,0,3,0.896666667,0,31,3,1
27,212,2.33,91.03,10.58,107.46,1,2,3,10,4,4,0,0,0,0,0,4,22.7575,5.287356322,39,5,1
27,296,0.97,12.36,11.86,25.83,1,2,5,6,5,5,5,4,1,0,0,5,2.472,5.927036482,21,3,1
27,282,6.23,12.24,14.8,34.33,1,2,8,12,8,8,8,5,3,0,1,8,1.53,7.396301849,21,2,1
27,285,1.31,2.27,10.01,14,1,1,6,6,6,6,0,0,0,0,0,6,0.378333333,10,25,3,1
27,212,5.61,15.27,14.22,37.33,1,1,1,8,3,6,0,0,0,0,0,3,5.09,14.20579421,36,4,1
27,296,2.85,15,67,86.65,1,3,8,13,8,8,2,2,0,0,0,8,1.875,22.32589137,36,5,1
27,212,1.56,23.53,132.13,159.96,1,5,6,38,8,8,0,0,0,0,0,8,2.94125,26.42071586,26,3,1
27,296,0.86,4.21,31.51,36.73,1,1,10,14,9,10,4,1,3,0,0,10,0.421,31.47852148,15,2,1
27,296,1.85,17.2,129.13,150.41,1,4,10,29,10,10,6,3,0,3,0,10,1.72,32.27443139,33,5,1
27,285,6.33,27.45,347.97,390.31,1,10,10,51,10,10,21,8,3,10,0,10,2.745,34.79352065,25,3,1
27,282,1.09,9.98,193.79,210.43,1,5,6,16,6,6,9,2,5,2,0,6,1.663333333,38.75024995,30,3,1
27,282,7.57,14.41,105.94,139.07,1,2,8,20,8,8,15,7,4,4,1,8,1.80125,52.94352824,19,2,1
28,371,19.75,28.3,0,48.83,1,0,0,9,6,6,2,2,0,0,0,6,4.716666667,0,27,3,0
28,281,12.11,24.93,0,37.27,2,0,0,12,12,13,3,2,0,1,0,12,2.0775,0,15,2,0
28,346,13.08,19.9,0,33.3,2,0,0,13,12,12,0,0,0,0,0,12,1.658333333,0,22,2,0
28,557,3.37,83.78,0,93.78,5,0,0,60,45,47,10,3,1,6,0,45,1.861777778,0,20,2,0
28,281,5.47,11.9,0,17.53,1,0,0,12,10,10,3,2,0,1,0,10,1.19,0,20,2,0
28,346,13.38,10.57,0,24.17,1,0,0,13,10,10,0,0,0,0,0,10,1.057,0,30,3,0
28,281,12.81,15.43,0,28.53,1,0,0,19,9,10,2,2,0,0,0,9,1.714444444,0,15,2,0
28,346,4.02,2.15,0,6.8,1,0,0,0,0,0,0,0,0,0,0,3,0.716666667,0,28,3,0
28,346,1.77,7.46,0,9.59,1,0,0,12,8,9,0,0,0,0,0,8,0.9325,0,19,2,0
28,346,10.24,13.25,4.23,29.05,1,1,3,8,3,3,0,0,0,0,0,3,4.416666667,4.225774226,15,3,0
28,557,16.89,141.45,37.7,199.32,5,6,26,88,41,42,20,13,0,7,0,41,3.45,6.282286286,32,3,0
28,557,3.2,57.96,16.29,78.09,1,2,6,20,8,8,3,3,0,0,0,8,7.245,8.140929535,18,2,0
28,281,6.3,29.15,21.97,57.62,1,2,5,13,7,7,4,4,0,0,0,7,4.164285714,10.97951024,18,2,0
28,281,6.97,21.15,31.9,62.16,1,2,3,21,10,10,6,5,0,1,0,10,2.115,15.94202899,20,3,0
28,346,1.84,77.23,82.44,166.06,2,4,16,50,17,18,0,0,0,0,0,17,4.542941176,20.60484879,27,3,0
28,371,11.54,52.89,77.85,168.68,2,3,12,28,14,14,10,7,2,1,0,14,3.777857143,25.94135288,33,5,0
28,371,13.63,37.89,72.73,125.77,2,2,4,26,13,13,18,6,10,2,0,13,2.914615385,36.34682659,26,3,0
28,371,13.71,48.7,45.63,110.19,2,1,10,23,14,20,10,4,1,5,0,14,3.478571429,45.58441558,29,3,0
29,561,1.66,2.57,0,4.29,1,0,0,0,0,0,0,0,0,0,0,3,0.856666667,0,12,2,0
29,348,6.13,19.39,10.63,36.77,1,2,7,19,9,9,0,0,0,0,0,9,2.154444444,5.312343828,28,3,0
29,518,3.36,11.91,10.95,26.92,1,1,7,12,10,10,1,1,0,0,0,10,1.191,10.93906094,18,2,0
29,348,4.54,9.97,29.94,45.19,1,2,3,4,3,3,0,0,0,0,0,3,3.323333333,14.96251874,19,2,0
29,518,1.89,65.15,121.08,196.43,3,8,28,87,29,30,24,9,9,6,0,29,2.246551724,15.13310836,26,3,0
29,348,1.76,14.39,18.55,35.13,2,1,3,16,10,15,0,0,0,0,0,10,1.439,18.53146853,10,1,0
29,518,7.79,5.28,20.05,33.75,1,1,2,2,2,2,4,2,1,1,0,3,1.76,20.02997003,26,3,0
29,561,4.32,5.64,21.05,31.46,1,1,4,6,4,4,3,3,0,0,0,4,1.41,21.02897103,15,2,0
29,561,3.8,11.42,65.51,96.11,1,3,7,25,9,9,13,6,7,0,0,9,1.268888889,21.8293902,20,3,0
29,561,5.85,18.45,46.35,70.83,2,2,5,24,14,14,13,7,5,1,0,14,1.317857143,23.16341829,8,1,0
29,512,5.41,43.8,229.65,283.06,2,9,19,70,19,19,33,17,14,2,0,19,2.305263158,25.5138318,16,2,0
29,348,6.47,30.18,210.51,248.25,2,8,12,26,9,12,0,0,0,0,0,12,2.515,26.31046119,19,2,0
29,518,5.06,5.28,53.08,64.75,1,2,2,3,2,2,8,5,1,2,0,3,1.76,26.52673663,17,2,0
29,561,4.15,4.08,27.48,51.46,1,1,1,3,2,2,3,2,1,0,0,3,1.36,27.45254745,13,2,0
29,512,2.01,50.75,143.3,202.8,3,5,22,48,23,27,22,5,13,4,0,23,2.206521739,28.65426915,25,3,0
29,348,5.67,19.65,58.2,84.02,1,2,8,20,8,8,0,0,0,0,0,8,2.45625,29.08545727,32,3,0
29,561,2.64,32.06,91.45,142.24,1,3,10,55,10,10,19,7,9,3,0,10,3.206,30.47317561,20,3,0
29,561,4.29,16.75,69.46,90.92,1,2,10,16,10,10,5,3,2,0,0,10,1.675,34.71264368,15,2,0
29,518,3.09,11.24,142.47,158.41,1,3,7,11,6,7,17,3,14,0,0,7,1.605714286,47.47417527,17,2,0
30,376,4.4,7.84,0,12.37,1,0,0,3,3,9,3,1,0,2,0,3,2.613333333,0,14,2,1
30,255,4.9,7.24,0,12.28,1,0,0,4,4,5,0,0,0,0,0,4,1.81,0,20,2,1
30,376,6.5,14.29,0,20.86,1,0,0,8,4,4,2,2,0,0,0,4,3.5725,0,12,2,1
30,376,2.02,19.18,0,21.37,2,0,0,11,10,17,3,2,0,1,0,10,1.918,0,7,1,1
30,255,3.09,36.93,4.46,46.08,3,1,3,28,19,30,0,0,0,0,0,19,1.943684211,4.455544456,18,2,1
30,255,5.2,2.99,10,18.79,1,1,4,2,2,4,0,0,0,0,0,4,0.7475,9.99000999,25,3,1
30,399,3.86,26.16,47.65,78.03,1,2,7,30,7,7,9,7,1,1,0,7,3.737142857,23.81309345,14,2,1
30,376,4.21,25.33,88.07,118.42,2,3,9,7,7,12,15,6,6,3,1,9,2.814444444,29.34688437,18,2,1
30,399,2.04,56.14,210.95,270.56,2,7,14,54,12,15,27,18,4,5,0,14,4.01,30.1314098,14,2,1
30,376,1.58,7.13,41.24,50.17,1,1,2,1,1,2,3,3,0,0,0,3,2.376666667,41.1988012,12,2,1
30,376,3.74,16.54,50.88,71.34,1,1,9,4,4,9,9,5,4,0,0,9,1.837777778,50.82917083,13,2,1
30,376,7.81,49.71,53.44,111.21,1,1,6,26,8,8,12,8,4,0,0,8,6.21375,53.38661339,21,2,1
30,376,4.53,10.94,61.84,77.6,1,1,10,7,7,10,4,3,1,0,0,10,1.094,61.77822178,19,2,1
30,255,7.18,18.66,132.04,158.89,1,2,5,15,7,8,0,0,0,0,0,7,2.665714286,65.9870065,35,4,1
30,152,3.51,92.98,387.96,486.2,2,4,12,22,13,19,26,16,6,4,0,13,7.152307692,96.96575856,16,2,1
30,399,2.91,19.13,103.5,125.7,1,1,1,9,4,4,10,6,1,3,0,4,4.7825,103.3966034,7,1,1
30,255,9.46,39.04,121.48,171.49,1,1,5,29,10,10,0,0,0,0,0,10,3.904,121.3586414,16,3,1
31,225,4.11,5.91,0,10.22,1,0,0,3,2,2,1,1,0,0,0,3,1.97,0,30,3,0
31,390,17.28,3.11,0,20.93,1,0,0,0,0,0,0,0,0,0,0,3,1.036666667,0,23,3,0
31,390,4.46,23.46,0,103.89,1,2,5,49,9,9,0,0,0,0,0,9,2.606666667,0,37,5,0
31,390,4.62,6.92,0,11.71,1,0,0,15,5,5,0,0,0,0,0,5,1.384,0,15,2,0
31,390,12.75,9.62,0,95.21,1,2,10,31,10,10,1,1,0,0,0,10,0.962,0,36,4,0
31,225,3.66,25.66,4.49,34.17,3,1,5,27,23,27,3,2,0,1,0,23,1.115652174,4.485514486,33,4,0
31,390,2.63,16.3,23.79,43.32,2,1,4,22,16,16,0,0,0,0,0,16,1.01875,23.76623377,26,3,0
31,267,5.73,32.77,371.64,419.55,3,7,25,83,29,29,21,13,6,2,0,29,1.13,53.08384516,24,3,0
31,225,8.5,8.97,192.88,210.61,2,3,14,29,16,17,16,7,8,1,0,16,0.560625,64.27190936,33,4,0
31,176,9.98,22.17,325.56,358.7,2,5,18,54,18,18,13,10,2,1,0,18,1.231666667,65.0989802,17,3,0
31,390,2.87,11.45,377.72,392.98,2,4,18,29,16,20,0,0,0,0,0,18,0.636111111,94.4063984,26,4,0
32,521,8.47,30.14,0,39.12,1,0,0,7,3,5,1,1,0,0,0,3,10.04666667,0,29,3,1
32,499,10.54,8.24,0,18.96,1,0,0,1,1,1,2,2,0,0,0,3,2.746666667,0,28,3,1
32,521,6.17,5.86,0,12.8,1,0,0,3,2,2,2,2,0,0,0,3,1.953333333,0,36,4,1
32,521,9.64,17.4,0,27.86,1,0,0,9,4,5,4,4,0,0,0,4,4.35,0,35,4,1
32,499,6.7,2.18,0,9.22,1,0,0,0,0,0,0,0,0,0,0,3,0.726666667,0,39,5,1
32,521,4.42,1.46,0,6.4,1,0,0,0,0,0,0,0,0,0,0,3,0.486666667,0,28,3,1
32,562,6.31,8.72,0,20.09,1,0,0,26,5,5,4,4,0,0,0,5,1.744,0,35,5,1
32,521,5.59,0,0,6.03,1,0,0,0,0,0,0,0,0,0,0,3,0,0,29,3,1
32,562,2.32,62.23,12.59,90.44,2,2,14,26,11,14,10,8,0,2,0,14,4.445,6.291854073,37,5,1
32,562,2.31,15.82,24.33,47.76,1,3,7,17,6,7,9,9,0,0,0,7,2.26,8.107297567,39,5,1
32,562,5.85,9.64,17.42,39.46,1,2,2,3,3,3,14,6,8,0,0,3,3.213333333,8.705647176,42,5,1
32,577,3.16,48.83,61.89,125.29,3,5,18,63,24,24,0,0,0,0,0,24,2.034583333,12.3755249,25,3,1
32,577,3.57,59.23,51.42,133.06,5,4,44,51,26,45,0,0,0,0,0,44,1.346136364,12.85178705,29,4,1
32,562,8.36,104.45,47.85,161.87,1,3,8,80,10,10,14,10,1,3,0,10,10.445,15.9446851,30,4,1
32,521,4.9,25.07,16.23,48.33,1,1,6,20,10,10,6,5,0,1,0,10,2.507,16.21378621,26,3,1
32,577,1.63,43.92,69.44,121.24,4,4,20,48,27,37,0,0,0,0,0,27,1.626666667,17.35566108,33,4,1
32,499,0.86,16.89,52.94,72.45,1,3,7,14,6,7,11,11,0,0,0,7,2.412857143,17.6407864,40,5,1
32,521,1.21,49.63,39.88,92.99,2,2,10,46,17,17,9,3,3,3,0,17,2.919411765,19.93003498,29,3,1
32,521,4.47,72.7,43.55,109.59,1,2,9,12,7,9,12,6,2,4,0,9,8.077777778,21.76411794,28,3,1
32,499,7.49,120.66,177.15,313.22,3,8,24,100,26,28,22,12,3,7,0,26,4.640769231,22.14098238,39,4,1
32,577,6.07,10.63,23.06,40.27,1,1,1,11,7,7,0,0,0,0,0,7,1.518571429,23.03696304,26,3,1
32,521,21.38,42.4,67.35,145.93,3,2,29,28,17,29,11,8,1,2,0,29,1.462068966,33.65817091,28,3,1
32,499,12.45,12.4,42.09,67.75,1,1,1,5,2,2,10,8,0,2,0,3,4.133333333,42.04795205,42,5,1
33,293,7.47,13.76,0,28.23,1,0,0,9,7,8,2,2,0,0,0,7,1.965714286,0,10,1,0
33,293,5.23,3.73,0,9.03,1,0,0,6,4,8,2,2,0,0,0,4,0.9325,0,17,2,0
33,222,5,18.59,21.34,45.78,1,2,7,10,6,7,0,0,0,0,0,7,2.655714286,10.66466767,22,3,0
33,222,3.52,21.19,47.56,88.33,1,3,7,19,9,9,0,0,0,0,0,9,2.354444444,15.84805065,25,4,0
33,293,24.31,24.12,34.58,83.75,1,2,10,16,9,10,4,3,0,1,0,10,2.412,17.28135932,24,3,0
33,222,5.55,19.95,95.5,122.45,1,5,7,22,8,9,0,0,0,0,0,8,2.49375,19.09618076,16,2,0
33,293,3.13,18.6,63.56,108.89,1,3,9,22,9,9,7,6,0,1,0,9,2.066666667,21.1796068,21,2,0
33,192,12.57,30.05,151.89,209.23,1,7,10,38,10,10,15,12,3,0,0,10,3.005,21.69547208,23,3,0
33,241,6.95,34.98,88.14,130.69,1,3,6,27,9,10,5,5,0,0,0,9,3.886666667,29.37020993,19,2,0
33,241,7.57,20.98,90.42,119.8,1,3,8,12,7,8,10,10,0,0,0,8,2.6225,30.12995668,18,2,0
33,293,8.15,11.21,37.04,68.28,1,1,7,22,9,9,2,2,0,0,0,9,1.245555556,37.002997,21,2,0
33,241,6.25,18.67,45.54,70.73,1,1,4,10,6,7,11,11,0,0,0,6,3.111666667,45.49450549,20,2,0
34,270,11.45,27.55,0,52.72,1,0,0,5,3,3,2,2,0,0,0,3,9.183333333,0,38,5,1
34,270,17.53,37.59,0,55.72,1,0,0,7,4,4,3,1,2,0,0,4,9.3975,0,23,3,1
34,118,14.05,8.11,0,22.56,1,0,0,3,2,2,0,0,0,0,0,3,2.703333333,0,39,5,1
34,142,10.24,11.08,0,21.5,1,0,0,6,3,3,4,4,0,0,0,3,3.693333333,0,21,2,1
34,270,12.39,10.31,0,22.87,1,0,0,6,4,4,2,2,0,0,0,4,2.5775,0,27,3,1
34,142,4.64,4.55,0,9.29,1,0,0,1,1,1,2,2,0,0,0,3,1.516666667,0,3,1,1
34,270,22.05,0,0,22.08,0,0,0,0,0,0,0,0,0,0,0,3,0,0,45,6,1
34,270,18.6,48.94,11.65,80.97,2,3,10,29,12,14,12,3,9,0,0,12,4.078333333,3.88203932,26,3,1
34,142,3.78,15.06,22.27,41.37,1,2,8,14,6,8,1,1,0,0,0,8,1.8825,11.12943528,11,2,1
34,270,31.95,22.7,13.15,68.51,1,1,7,17,8,8,7,4,3,0,0,8,2.8375,13.13686314,45,6,1
34,142,7.04,22.1,16.24,46.17,1,1,1,8,3,3,4,4,0,0,0,3,7.366666667,16.22377622,28,3,1
34,80,13.94,16.28,50.86,82.43,1,2,2,10,4,4,7,3,4,0,0,4,4.07,25.41729135,28,4,1
35,679,5.75,26.19,0,32.23,2,0,0,19,13,17,4,2,0,2,0,13,2.014615385,0,21,2,1
35,679,9,3.37,0,12.43,1,0,0,3,2,2,2,2,0,0,0,3,1.123333333,0,23,2,1
35,383,0.93,22.75,0,24.73,2,0,0,21,15,18,1,1,0,0,0,15,1.516666667,0,28,3,1
35,679,7.39,9.45,0,16.93,1,0,0,9,4,4,2,2,0,0,0,4,2.3625,0,14,2,1
35,679,5.03,10.46,0,15.74,1,0,0,11,6,6,2,2,0,0,0,6,1.743333333,0,29,3,1
35,679,2.06,35.4,0,38.28,6,0,0,38,37,53,7,2,0,5,0,37,0.956756757,0,27,3,1
35,679,2.26,2.75,0,5.13,1,0,0,0,0,0,0,0,0,0,0,3,0.916666667,0,31,3,1
35,396,13.31,7.41,0,20.89,1,0,0,9,6,6,2,2,0,0,0,6,1.235,0,14,2,1
35,383,6.36,18.31,0,25.36,1,0,0,27,8,8,2,2,0,0,0,8,2.28875,0,36,4,1
35,383,12.06,9.73,0,22.26,1,0,0,18,10,10,2,2,0,0,0,10,0.973,0,39,4,1
35,679,3.42,5.82,0,9.31,1,0,0,11,3,3,4,4,0,0,0,3,1.94,0,10,1,1
35,278,2.1,3.94,0,6.49,1,0,0,8,5,5,0,0,0,0,0,5,0.788,0,29,4,1
35,396,3.14,46.2,50.62,103.7,3,4,12,71,28,30,12,9,0,3,0,28,1.65,12.65183704,20,3,1
35,679,9.72,94.71,160.21,267.53,5,8,42,86,46,50,39,24,8,7,0,46,2.058913043,20.02374703,18,2,1
35,383,4.99,15.72,52.02,74.21,1,2,5,25,10,10,11,5,1,5,0,10,1.572,25.9970015,37,4,1
35,383,13.88,19.21,30.93,64.71,1,1,3,4,3,3,4,3,0,1,0,3,6.403333333,30.8991009,18,2,1
35,278,10.19,39.83,149.94,202.85,3,4,13,58,28,28,0,0,0,0,0,28,1.4225,37.47563109,26,3,1
35,396,3.79,25.86,132.64,172.23,2,3,18,25,15,18,14,9,4,1,0,18,1.436666667,44.19860047,15,2,1
35,383,16.11,20.63,96.22,134.91,1,2,5,19,9,9,4,3,1,0,0,9,2.292222222,48.08595702,34,4,1
35,278,5.57,1.88,50.83,58.58,1,1,2,2,2,2,0,0,0,0,0,3,0.626666667,50.77922078,16,2,1
36,323,4.39,12.47,0,17.12,1,0,0,7,6,7,2,2,0,0,0,6,2.078333333,0,30,3,0
36,323,6.53,68.68,173.38,251.81,3,6,24,42,24,24,7,5,0,2,0,24,2.861666667,28.89185136,37,5,0
36,444,12.6,175.94,292.79,489.13,10,9,98,134,82,98,18,9,0,9,0,98,1.795306122,32.52860793,15,2,0
36,300,12.49,140.96,310.34,474.55,6,9,54,83,50,54,0,0,0,0,0,54,2.61037037,34.47839129,16,2,0
36,436,10.12,142.45,260.02,439.45,9,6,36,123,70,89,24,6,6,12,0,70,2.035,43.32944509,34,4,0
36,323,9.52,66.03,108.42,193.18,2,2,5,43,18,18,6,4,1,1,0,18,3.668333333,54.18290855,29,3,0
37,358,10.8,20.76,17.09,48.81,1,1,2,15,6,6,5,5,0,0,0,6,3.46,17.07292707,23,3,1
37,358,6.06,148.4,236.46,429.28,3,9,29,70,29,29,27,23,0,4,0,29,5.117241379,26.2704144,42,6,1
37,271,8.46,187.37,226.62,454.26,4,7,36,88,34,40,0,0,0,0,0,36,5.204722222,32.36966148,36,5,1
37,324,10.57,116.91,328.23,471.25,3,10,27,81,27,28,31,24,3,4,0,27,4.33,32.81971803,25,3,1
37,268,15.42,151.98,300.05,484.43,3,6,17,64,23,28,27,24,2,1,0,23,6.607826087,50,39,4,1
38,311,5.88,11.59,0,17.68,1,0,0,5,4,5,2,2,0,0,0,4,2.8975,0,21,2,0
38,342,5.52,12.59,0,18.35,1,0,0,6,5,10,3,2,0,1,0,5,2.518,0,20,2,0
38,1138,3.69,73.06,36.27,124.87,3,15,30,100,28,30,0,0,0,0,0,30,2.435333333,2.417838811,14,2,0
38,1138,9.5,46.55,19.39,76.76,2,8,19,52,19,20,0,0,0,0,0,19,2.45,2.423447069,16,2,0
38,1138,1.65,63.74,42.82,110.12,4,12,38,106,38,40,0,0,0,0,0,38,1.677368421,3.568035997,14,2,0
38,1138,4.86,12.44,13.5,31.68,1,3,6,9,6,6,0,0,0,0,0,6,2.073333333,4.4985005,16,2,0
38,1138,6.46,38.71,13.87,61.5,2,3,13,32,20,20,0,0,0,0,0,20,1.9355,4.621792736,27,3,0
38,311,1.97,16.54,4.92,23.82,1,1,2,13,7,10,5,4,0,1,0,7,2.362857143,4.915084915,28,3,0
38,1138,12.16,8.47,9.42,30.49,1,1,2,8,4,6,0,0,0,0,0,4,2.1175,9.410589411,15,2,0
38,342,9.22,46.65,146.8,204.53,1,4,10,28,10,10,22,9,10,3,0,10,4.665,36.69082729,31,3,0
38,342,7.6,29.52,86.24,124.76,1,2,9,11,7,9,16,12,0,4,0,9,3.28,43.09845077,28,3,0
38,342,6.33,27.62,99.27,134.59,1,2,9,19,8,9,14,11,1,2,0,9,3.068888889,49.6101949,27,3,0
38,311,4.94,73.58,340.49,422.18,4,6,34,46,27,34,25,14,8,3,0,34,2.164117647,56.73887685,25,3,0
38,171,2.33,16.34,398.04,418.7,1,4,5,14,5,5,20,13,2,5,0,5,3.268,99.48512872,25,3,0
38,171,12.01,4.83,114.88,138.5,1,1,2,6,2,2,14,6,7,1,0,3,1.61,114.7652348,22,3,0
